code,date,open,high,low,close,volume,change,changeRate
G0001,2023-09-25,23660,24645,23395,24015,2214739,0,0
G0001,2023-09-26,23945,24615,23861,24400,1213238,385,1.6
G0001,2023-09-27,24531,24795,24021,24295,1179750,-105,-0.43
G0001,2023-09-28,24025,24606,23760,23974,1180335,-321,-1.32
G0001,2023-09-29,23869,24537,23121,23784,1645990,-190,-0.79
G0001,2023-10-02,23950,24741,23578,24669,1254048,885,3.72
G0001,2023-10-03,24545,24807,24112,24520,1882311,-149,-0.6
G0001,2023-10-04,24422,24676,23939,24081,544780,-439,-1.79
G0001,2023-10-05,23892,24327,23158,23596,966810,-485,-2.01
G0001,2023-10-06,23766,25357,23690,24674,1064796,1078,4.57
G0001,2023-10-09,24680,24782,24373,24622,914292,-52,-0.21
G0001,2023-10-10,24673,25350,24613,24688,663895,66,0.27
G0001,2023-10-11,24863,25101,24435,25043,1422848,355,1.44
G0001,2023-10-12,25329,25745,24775,25442,1717089,399,1.59
G0001,2023-10-13,25274,25836,24705,24896,1090417,-546,-2.15
G0001,2023-10-16,24945,26038,24294,25899,1023936,1003,4.03
G0001,2023-10-17,25647,26002,25230,25528,675182,-371,-1.43
G0001,2023-10-18,25439,25640,24270,24694,1546424,-834,-3.27
G0001,2023-10-19,24734,25257,23666,24337,1238218,-357,-1.45
G0001,2023-10-20,24223,24337,23660,23800,1582659,-537,-2.21
G0001,2023-10-23,23805,24196,23116,23822,615963,22,0.09
G0001,2023-10-24,24078,24250,23577,24193,609634,371,1.56
G0001,2023-10-25,24157,24620,23321,23984,1226523,-209,-0.86
G0001,2023-10-26,23869,23971,23197,23913,942769,-71,-0.3
G0001,2023-10-27,23972,24087,23908,23977,989226,64,0.27
G0001,2023-10-30,24174,24631,23678,24052,535401,75,0.31
G0001,2023-10-31,24068,25395,24008,25176,1277139,1124,4.67
G0001,2023-11-01,25286,25795,24803,25130,789021,-46,-0.18
G0001,2023-11-02,25346,26123,25307,25427,798802,297,1.18
G0001,2023-11-03,25243,25763,24107,24235,1298152,-1192,-4.69
G0001,2023-11-06,23977,24058,23566,23604,765160,-631,-2.6
G0001,2023-11-07,23517,24241,23209,23632,1033767,28,0.12
G0001,2023-11-08,23636,24020,23290,23830,1811977,198,0.84
G0001,2023-11-09,23788,24010,22840,23441,703220,-389,-1.63
G0001,2023-11-10,23602,24295,23244,24048,874195,607,2.59
G0001,2023-11-13,24133,24250,23827,24078,699598,30,0.12
G0001,2023-11-14,23966,24299,23378,23825,910009,-253,-1.05
G0001,2023-11-15,23664,24146,23414,23684,1455258,-141,-0.59
G0001,2023-11-16,23643,24047,23215,23290,866505,-394,-1.66
G0001,2023-11-17,23393,24453,22978,23872,474084,582,2.5
G0001,2023-11-20,24012,24716,23728,24212,1391640,340,1.42
G0001,2023-11-21,24293,24585,24252,24561,1345731,349,1.44
G0001,2023-11-22,24344,24642,23721,24437,895068,-124,-0.5
G0001,2023-11-23,24556,24853,23688,24337,714943,-100,-0.41
G0001,2023-11-24,24409,24983,24325,24732,788310,395,1.62
G0001,2023-11-27,24524,25245,23269,23904,1022375,-828,-3.35
G0001,2023-11-28,23608,24105,23154,23387,1508891,-517,-2.16
G0001,2023-11-29,23359,23507,23070,23144,710786,-243,-1.04
G0001,2023-11-30,22838,23235,22030,22444,623183,-700,-3.02
G0001,2023-12-01,22476,22778,22412,22626,1141713,182,0.81
G0001,2023-12-04,22647,22983,22310,22869,689751,243,1.07
G0001,2023-12-05,22873,23305,22169,22596,790413,-273,-1.19
G0001,2023-12-06,22598,23122,21412,21800,1135994,-796,-3.52
G0001,2023-12-07,21794,22437,21274,22003,1424192,203,0.93
G0001,2023-12-08,21845,22221,21453,21643,1774497,-360,-1.64
G0001,2023-12-11,21651,21834,20946,21453,1348758,-190,-0.88
G0001,2023-12-12,21757,22311,21640,21938,895223,485,2.26
G0001,2023-12-13,21937,22147,21352,21624,1369542,-314,-1.43
G0001,2023-12-14,21956,22756,21721,22397,2105463,773,3.57
G0001,2023-12-15,22133,22472,21544,21826,1579262,-571,-2.55
G0001,2023-12-18,21793,22236,20998,21476,844644,-350,-1.6
G0001,2023-12-19,21513,21670,20810,21329,1183739,-147,-0.68
G0001,2023-12-20,21277,21591,21114,21287,1794248,-42,-0.2
G0001,2023-12-21,21313,21933,20965,21715,727508,428,2.01
G0001,2023-12-22,22163,23472,21906,22874,1645414,1159,5.34
G0001,2023-12-25,23360,24336,22965,23756,2225361,882,3.86
G0001,2023-12-26,23881,23926,23647,23749,1024993,-7,-0.03
G0001,2023-12-27,23737,24242,23382,23614,1384610,-135,-0.57
G0001,2023-12-28,23378,23882,23178,23203,1684496,-411,-1.74
G0001,2023-12-29,23289,24331,22917,23631,1237643,428,1.84
G0001,2024-01-01,23726,23972,23180,23619,842306,-12,-0.05
G0001,2024-01-02,23724,24394,23531,23807,809990,188,0.8
G0001,2024-01-03,23673,24383,22897,23373,589502,-434,-1.82
G0001,2024-01-04,23200,23356,23034,23071,672510,-302,-1.29
G0001,2024-01-05,22849,23410,22429,22706,561343,-365,-1.58
G0001,2024-01-08,22751,23105,22428,22880,1483999,174,0.77
G0001,2024-01-09,22980,23654,22703,23233,557119,353,1.54
G0001,2024-01-10,23250,23751,23165,23189,757905,-44,-0.19
G0001,2024-01-11,23193,23630,22641,23500,944717,311,1.34
G0001,2024-01-12,23595,23862,22900,23745,1384261,245,1.04
G0001,2024-01-15,23753,24392,23388,23921,717285,176,0.74
G0001,2024-01-16,23897,24501,23333,23758,955567,-163,-0.68
G0001,2024-01-17,24011,24589,23892,24267,1234471,509,2.14
G0001,2024-01-18,24325,24868,23930,24375,643380,108,0.45
G0001,2024-01-19,24600,25285,23936,24447,1839597,72,0.3
G0001,2024-01-22,24651,25015,23933,24925,1150309,478,1.96
G0001,2024-01-23,24833,25368,23945,24573,1147395,-352,-1.41
G0001,2024-01-24,24759,25027,24654,24808,717795,235,0.96
G0001,2024-01-25,24806,25077,24609,24646,696990,-162,-0.65
G0001,2024-01-26,24597,24959,24017,24701,1100310,55,0.22
G0001,2024-01-29,25134,25332,24955,25209,533314,508,2.06
G0001,2024-01-30,25137,25235,24530,25199,1178251,-10,-0.04
G0001,2024-01-31,24930,25092,24475,24625,994117,-574,-2.28
G0001,2024-02-01,24596,24789,23641,24144,2092533,-481,-1.95
G0001,2024-02-02,23916,24231,23347,23614,975061,-530,-2.2
G0001,2024-02-05,23522,23546,23020,23441,1289475,-173,-0.73
G0001,2024-02-06,23040,23620,22212,22493,1227177,-948,-4.04
G0001,2024-02-07,22118,22669,21378,21846,1381738,-647,-2.88
G0001,2024-02-08,21729,22111,21070,21386,717159,-460,-2.11
G0001,2024-02-09,21449,21976,21215,21373,1072570,-13,-0.06
G0001,2024-02-12,21518,22424,20959,21902,1440983,529,2.48
G0001,2024-02-13,21835,22347,21026,21653,773788,-249,-1.14
G0001,2024-02-14,21097,21525,18152,18213,1869883,-3440,-15.89
G0001,2024-02-15,18197,18501,17865,18220,944796,7,0.04
G0001,2024-02-16,18183,18717,17565,18076,881936,-144,-0.79
G0001,2024-02-19,17807,18223,17628,17821,1465981,-255,-1.41
G0001,2024-02-20,17745,17906,17087,17308,864965,-513,-2.88
G0001,2024-02-21,17448,17762,16988,17681,1062196,373,2.16
G0001,2024-02-22,17761,18403,17270,17888,582587,207,1.17
G0001,2024-02-23,17773,18205,16583,17036,1767727,-852,-4.76
G0001,2024-02-26,16990,17024,16457,16964,730695,-72,-0.42
G0001,2024-02-27,16858,17232,15741,16112,1189415,-852,-5.02
G0001,2024-02-28,15872,15969,15432,15628,1041009,-484,-3
G0001,2024-02-29,15646,15970,15405,15821,627521,193,1.23
G0001,2024-03-01,15825,16198,15353,16165,1291796,344,2.17
G0001,2024-03-04,16172,16520,15781,16041,1464595,-124,-0.77
G0001,2024-03-05,16071,16156,15762,15878,655360,-163,-1.02
G0001,2024-03-06,15905,16302,15444,15900,868574,22,0.14
G0001,2024-03-07,15680,16118,15295,15456,1223535,-444,-2.79
G0001,2024-03-08,15395,15589,15379,15469,712640,13,0.08
G0001,2024-03-11,15324,15690,14733,15185,1033666,-284,-1.84
G0001,2024-03-12,15001,15115,14827,14883,2211731,-302,-1.99
G0001,2024-03-13,14936,15531,14670,15379,1977426,496,3.33
G0001,2024-03-14,15367,15419,15156,15263,1523270,-116,-0.75
G0001,2024-03-15,15475,16089,15303,15840,1414734,577,3.78
G0001,2024-03-18,15915,16165,15470,16004,1398580,164,1.04
G0001,2024-03-19,16006,16478,15642,16098,1273785,94,0.59
G0001,2024-03-20,16102,16497,15898,16434,828964,336,2.09
G0001,2024-03-21,16219,16270,15875,15925,1427828,-509,-3.1
G0001,2024-03-22,15822,15882,15617,15762,797224,-163,-1.02
G0001,2024-03-25,15710,15886,15569,15627,1255421,-135,-0.86
G0001,2024-03-26,15649,15976,15487,15659,1634112,32,0.2
G0001,2024-03-27,15676,16183,15524,15996,2715592,337,2.15
G0001,2024-03-28,15987,16357,15844,16000,926442,4,0.03
G0001,2024-03-29,15941,16405,15273,15647,1434430,-353,-2.21
G0001,2024-04-01,15608,15830,15244,15829,1280003,182,1.16
G0001,2024-04-02,15828,15907,15581,15761,22516247,-68,-0.43
G0001,2024-04-03,16082,16435,15788,16391,1135901,630,4
G0001,2024-04-04,16332,16774,15927,16293,1318011,-98,-0.6
G0001,2024-04-05,16157,16437,15667,16059,1092063,-234,-1.44
G0001,2024-04-08,15997,16139,15561,15860,1742178,-199,-1.24
G0001,2024-04-09,16041,16741,15740,16347,1030693,487,3.07
G0001,2024-04-10,16353,16356,15490,15929,664853,-418,-2.56
G0001,2024-04-11,15881,16370,15449,15983,951828,54,0.34
G0001,2024-04-12,15842,16004,15581,15611,760438,-372,-2.33
G0001,2024-04-15,15561,15595,15053,15482,838864,-129,-0.83
G0001,2024-04-16,15383,15384,15108,15145,852034,-337,-2.18
G0001,2024-04-17,14983,15268,14525,14851,1060476,-294,-1.94
G0001,2024-04-18,14880,15068,14542,15048,875474,197,1.33
G0001,2024-04-19,15032,15671,14672,15435,1114092,387,2.57
G0001,2024-04-22,15359,15786,14992,15329,615157,-106,-0.69
G0001,2024-04-23,15406,15749,15011,15345,1285976,16,0.1
G0001,2024-04-24,15501,16098,15310,16068,21868541,723,4.71
G0001,2024-04-25,16080,16138,15849,16118,932598,50,0.31
G0001,2024-04-26,16064,16304,15845,16076,517544,-42,-0.26
G0001,2024-04-29,16109,16579,15661,16219,675987,143,0.89
G0001,2024-04-30,16447,16707,16229,16551,2218160,332,2.05
G0001,2024-05-01,16564,16873,16314,16547,763648,-4,-0.02
G0001,2024-05-02,16434,16730,16211,16281,1983222,-266,-1.61
G0001,2024-05-03,16327,16639,15855,16244,410106,-37,-0.23
G0001,2024-05-06,16298,16379,15919,16345,448866,101,0.62
G0001,2024-05-07,16392,16551,16173,16269,1030023,-76,-0.46
G0001,2024-05-08,16405,16910,16302,16566,661531,297,1.83
G0001,2024-05-09,16662,16985,16365,16521,574037,-45,-0.27
G0001,2024-05-10,16581,17209,16346,16721,704960,200,1.21
G0001,2024-05-13,16739,17446,16348,17029,863933,308,1.84
G0001,2024-05-14,17367,18008,17114,17702,1169653,673,3.95
G0001,2024-05-15,16994,17439,15699,15932,1930151,-1770,-10
G0001,2024-05-16,16140,16561,15658,16343,1130053,411,2.58
G0001,2024-05-17,16127,16415,15580,15960,1184451,-383,-2.34
G0001,2024-05-20,15916,16103,15827,15850,480782,-110,-0.69
G0001,2024-05-21,15770,15979,15432,15829,1122949,-21,-0.13
G0001,2024-05-22,15579,15955,14466,14831,2522724,-998,-6.3
G0001,2024-05-23,14833,14986,14650,14742,670774,-89,-0.6
G0001,2024-05-24,14765,15048,14530,14592,1452913,-150,-1.02
G0001,2024-05-27,14583,14982,14180,14396,1094376,-196,-1.34
G0001,2024-05-28,14436,14836,14239,14345,1011018,-51,-0.35
G0001,2024-05-29,14504,15015,14495,14710,1390592,365,2.54
G0001,2024-05-30,14775,15139,14547,14967,1044284,257,1.75
G0001,2024-05-31,15050,15555,15001,15281,1365520,314,2.1
G0001,2024-06-03,15309,15886,15084,15424,1124829,143,0.94
G0001,2024-06-04,15281,15403,14598,14988,1033403,-436,-2.83
G0001,2024-06-05,14899,15236,14247,14626,839807,-362,-2.42
G0001,2024-06-06,14549,14877,14348,14641,615284,15,0.1
G0001,2024-06-07,14643,15117,14315,14813,671216,172,1.17
G0001,2024-06-10,14854,15090,14355,14508,2354322,-305,-2.06
G0001,2024-06-11,14668,14996,14471,14769,1249280,261,1.8
G0001,2024-06-12,14868,15377,14654,15129,654611,360,2.44
G0001,2024-06-13,15205,15689,14884,15305,1212058,176,1.16
G0001,2024-06-14,15322,15710,15304,15360,17408205,55,0.36
G0001,2024-06-17,15450,15660,15428,15568,1129208,208,1.35
G0001,2024-06-18,15463,15709,14952,15270,1315861,-298,-1.91
G0001,2024-06-19,15086,15434,14435,14734,1298674,-536,-3.51
G0001,2024-06-20,14705,14934,14098,14502,1598357,-232,-1.57
G0001,2024-06-21,14534,14852,14073,14425,1424608,-77,-0.53
G0001,2024-06-24,14434,14527,14334,14496,1678496,71,0.49
G0001,2024-06-25,14663,15222,14251,15010,767060,514,3.55
G0001,2024-06-26,14896,15197,14530,14633,896229,-377,-2.51
G0001,2024-06-27,14712,14952,14707,14824,804031,191,1.31
G0001,2024-06-28,14865,15142,14593,14765,1285406,-59,-0.4
G0001,2024-07-01,14959,15448,14932,15152,737152,387,2.62
G0001,2024-07-02,15060,15361,14753,14869,1382374,-283,-1.87
G0001,2024-07-03,14930,15798,14588,15462,779762,593,3.99
G0001,2024-07-04,15636,16233,15200,15842,1716322,380,2.46
G0001,2024-07-05,15622,15696,15323,15417,799325,-425,-2.68
G0001,2024-07-08,15395,16002,14967,15681,773390,264,1.71
G0001,2024-07-09,15683,16090,15393,15810,1015613,129,0.82
G0001,2024-07-10,15810,16707,15351,16255,960733,445,2.81
G0001,2024-07-11,16247,16684,15766,16180,1016473,-75,-0.46
G0001,2024-07-12,16232,16469,15966,16415,824422,235,1.45
G0001,2024-07-15,16360,16746,16211,16299,772538,-116,-0.71
G0001,2024-07-16,16157,16195,15620,15951,2050746,-348,-2.14
G0001,2024-07-17,15989,15997,15751,15958,679552,7,0.04
G0001,2024-07-18,15806,16038,15083,15437,800937,-521,-3.26
G0001,2024-07-19,15516,15889,15217,15666,1256857,229,1.48
G0001,2024-07-22,15806,16094,15680,15855,1016395,189,1.21
G0001,2024-07-23,16052,16468,15932,16157,786928,302,1.9
G0001,2024-07-24,16180,16769,16150,16409,1328405,252,1.56
G0001,2024-07-25,16197,16218,15933,15991,638906,-418,-2.55
G0001,2024-07-26,16024,16903,15634,16432,1364630,441,2.76
G0001,2024-07-29,16591,16731,16357,16539,397143,107,0.65
G0001,2024-07-30,16190,16558,15682,15784,1494566,-755,-4.56
G0001,2024-07-31,15770,16375,15687,16037,855463,253,1.6
G0001,2024-08-01,16024,16227,15808,15926,1501732,-111,-0.69
G0001,2024-08-02,16000,16397,15940,16294,1350044,368,2.31
G0001,2024-08-05,16193,16433,15419,15842,943231,-452,-2.77
G0001,2024-08-06,15854,16095,15272,15475,2176101,-367,-2.32
G0001,2024-08-07,15358,15620,14759,14935,670178,-540,-3.49
G0001,2024-08-08,14983,15032,14795,15004,438915,69,0.46
G0001,2024-08-09,14597,14731,13539,13792,2119468,-1212,-8.08
G0001,2024-08-12,13713,13820,12769,13127,1476866,-665,-4.82
G0001,2024-08-13,13039,13043,12530,12802,1438154,-325,-2.48
G0001,2024-08-14,13443,14896,13073,14801,956518,1999,15.61
G0001,2024-08-15,14771,14787,14547,14596,641794,-205,-1.39
G0001,2024-08-16,14621,14668,14402,14648,876940,52,0.36
G0001,2024-08-19,14497,14926,14045,14440,885118,-208,-1.42
G0001,2024-08-20,14557,14888,14512,14674,691859,234,1.62
G0001,2024-08-21,14717,15019,14441,14730,1001413,56,0.38
G0001,2024-08-22,14726,15126,14358,14733,1255491,3,0.02
G0001,2024-08-23,14863,15309,14557,14929,1290444,196,1.33
G0001,2024-08-26,14815,15211,14339,14639,769641,-290,-1.94
G0001,2024-08-27,14743,14950,14672,14802,859183,163,1.11
G0001,2024-08-28,14876,14961,14631,14837,1101233,35,0.24
G0001,2024-08-29,14640,14698,14113,14460,1142861,-377,-2.54
G0001,2024-08-30,14508,15312,14313,14878,1268948,418,2.89
G0001,2024-09-02,14703,14911,14368,14494,1912717,-384,-2.58
G0001,2024-09-03,14484,14634,13964,14369,617120,-125,-0.86
G0001,2024-09-04,14226,14237,13974,14032,661087,-337,-2.35
G0001,2024-09-05,13703,14010,13467,13501,2126158,-531,-3.78
G0001,2024-09-06,13564,13564,13401,13534,1376931,33,0.24
G0001,2024-09-09,13471,13841,13000,13297,1243460,-237,-1.75
G0001,2024-09-10,13337,13436,13025,13289,1577146,-8,-0.06
G0001,2024-09-11,13325,13746,13218,13393,697073,104,0.78
G0001,2024-09-12,13409,13884,13273,13492,851330,99,0.74
G0001,2024-09-13,13569,13929,13538,13658,1649325,166,1.23
G0001,2024-09-16,13867,14433,13528,14058,1027052,400,2.93
G0001,2024-09-17,14094,14513,13837,14039,682816,-19,-0.14
G0001,2024-09-18,13918,14250,13660,13793,968397,-246,-1.75
G0001,2024-09-19,13561,13858,13470,13528,979383,-265,-1.92
G0001,2024-09-20,13535,13783,13364,13627,1111383,99,0.73
G0001,2024-09-23,13586,13925,13148,13429,1551642,-198,-1.45
G0001,2024-09-24,13437,13676,13232,13401,1266568,-28,-0.21
G0001,2024-09-25,13386,13518,12976,13342,957810,-59,-0.44
G0001,2024-09-26,13397,13819,13379,13501,876739,159,1.19
G0001,2024-09-27,13577,13816,13484,13588,1336144,87,0.64
G0001,2024-09-30,13525,13544,13325,13432,1598682,-156,-1.15
G0001,2024-10-01,13505,13830,13295,13709,1547393,277,2.06
G0001,2024-10-02,13759,13939,13457,13785,1078914,76,0.55
G0001,2024-10-03,13822,13985,13741,13857,990617,72,0.52
G0001,2024-10-04,13992,14408,13837,14228,1791284,371,2.68
G0001,2024-10-07,14247,14646,14187,14202,614231,-26,-0.18
G0001,2024-10-08,14162,14247,13663,14082,1586635,-120,-0.84
G0001,2024-10-09,14127,14366,13921,14268,1775132,186,1.32
G0001,2024-10-10,14156,14211,13393,13756,674720,-512,-3.59
G0001,2024-10-11,13952,14596,13875,14349,923473,593,4.31
G0001,2024-10-14,14519,15083,14249,14829,1300662,480,3.35
G0001,2024-10-15,14787,14902,14593,14799,1631640,-30,-0.2
G0001,2024-10-16,14799,15228,14434,14819,1734013,20,0.14
G0001,2024-10-17,14651,14779,14362,14507,696255,-312,-2.11
G0001,2024-10-18,14832,15559,14463,15237,1040822,730,5.03
G0001,2024-10-21,15433,15791,15022,15686,1557915,449,2.95
G0001,2024-10-22,15677,16181,15594,15824,736857,138,0.88
G0001,2024-10-23,15904,16270,15651,16054,838214,230,1.45
G0001,2024-10-24,16196,16573,16095,16372,1452404,318,1.98
G0001,2024-10-25,16314,16836,16107,16412,678840,40,0.24
G0001,2024-10-28,16425,16609,16249,16392,1002335,-20,-0.12
G0001,2024-10-29,16646,17180,16496,16748,1395892,356,2.17
G0001,2024-10-30,16768,16781,16154,16600,1598619,-148,-0.88
G0001,2024-10-31,16473,16547,15785,16072,2594050,-528,-3.18
G0001,2024-11-01,15992,16154,15517,15849,767365,-223,-1.39
G0001,2024-11-04,15748,15880,15469,15618,2593456,-231,-1.46
G0001,2024-11-05,15597,15889,15286,15657,994909,39,0.25
G0001,2024-11-06,15671,15696,15252,15642,816659,-15,-0.1
G0001,2024-11-07,15683,16474,15318,16105,1245663,463,2.96
G0001,2024-11-08,16023,16115,15923,16063,604821,-42,-0.26
G0001,2024-11-11,16121,16564,15650,16294,1025650,231,1.44
G0001,2024-11-12,16413,16651,15957,16345,800615,51,0.31
G0001,2024-11-13,16498,16898,16471,16502,1018310,157,0.96
G0001,2024-11-14,15671,15795,14426,14486,2306557,-2016,-12.22
G0001,2024-11-15,14285,14347,13749,13997,1180373,-489,-3.38
G0001,2024-11-18,13892,14179,13522,13897,901224,-100,-0.71
G0001,2024-11-19,13827,14229,13442,13740,1096144,-157,-1.13
G0001,2024-11-20,13793,14245,13452,13882,985047,142,1.03
G0001,2024-11-21,13700,13719,13212,13501,887419,-381,-2.74
G0001,2024-11-22,13522,13721,13160,13676,595536,175,1.3
G0001,2024-11-25,13755,14056,13352,14043,1719687,367,2.68
G0001,2024-11-26,13910,13986,13432,13759,1001784,-284,-2.02
G0001,2024-11-27,13403,13691,12985,13042,780048,-717,-5.21
G0001,2024-11-28,12900,13145,12319,12658,824957,-384,-2.94
G0001,2024-11-29,12666,12992,12433,12831,923884,173,1.37
G0001,2024-12-02,12858,13485,12741,13296,748762,465,3.62
G0001,2024-12-03,13349,13743,13299,13336,810973,40,0.3
G0001,2024-12-04,13416,13808,13203,13545,1086559,209,1.57
G0001,2024-12-05,13545,13604,13332,13536,1217254,-9,-0.07
G0001,2024-12-06,13461,13622,13163,13339,1647381,-197,-1.46
G0001,2024-12-09,13423,13590,13292,13442,668705,103,0.77
G0001,2024-12-10,13668,14099,13361,13981,1627210,539,4.01
G0001,2024-12-11,14118,14370,14080,14136,806545,155,1.11
G0001,2024-12-12,14106,14303,13619,13934,1097714,-202,-1.43
G0001,2024-12-13,13776,14157,13442,13688,1184675,-246,-1.77
G0001,2024-12-16,13442,13660,12893,13218,894026,-470,-3.43
G0001,2024-12-17,13302,14072,13124,13768,1681344,550,4.16
G0001,2024-12-18,13883,14112,13545,13804,810996,36,0.26
G0001,2024-12-19,13771,14078,13292,13669,533345,-135,-0.98
G0001,2024-12-20,13826,14134,13787,13993,748011,324,2.37
G0001,2024-12-23,14032,14208,13765,14137,951107,144,1.03
G0001,2024-12-24,13951,14293,13537,13714,1329737,-423,-2.99
G0001,2024-12-25,13558,13649,12997,13226,897873,-488,-3.56
G0001,2024-12-26,13298,13887,13081,13484,940597,258,1.95
G0001,2024-12-27,13403,13540,13207,13225,1428562,-259,-1.92
G0001,2024-12-30,13185,13318,13072,13151,1576528,-74,-0.56
G0001,2024-12-31,13172,13397,12866,13074,2070229,-77,-0.59
G0001,2025-01-01,13191,13684,12923,13336,570665,262,2
G0001,2025-01-02,13293,13688,12738,13057,673349,-279,-2.09
G0001,2025-01-03,13062,13114,12858,12930,995261,-127,-0.97
G0001,2025-01-06,12796,12934,12682,12795,1097679,-135,-1.04
G0001,2025-01-07,12677,13045,12302,12481,954505,-314,-2.45
G0001,2025-01-08,12508,12824,12175,12424,384380,-57,-0.46
G0001,2025-01-09,12505,12924,12297,12603,924438,179,1.44
G0001,2025-01-10,12634,12912,12598,12664,1192277,61,0.48
G0001,2025-01-13,12678,12770,12305,12667,969734,3,0.02
G0001,2025-01-14,12835,12917,12674,12872,1098091,205,1.62
G0001,2025-01-15,12800,13060,12480,12758,1022068,-114,-0.89
G0001,2025-01-16,12749,13289,12486,12911,1311840,153,1.2
G0001,2025-01-17,13033,13285,13002,13132,1286570,221,1.71
G0001,2025-01-20,13051,13079,12692,12934,866231,-198,-1.51
G0001,2025-01-21,12945,13353,12737,13083,1591453,149,1.15
G0001,2025-01-22,13286,13769,12933,13515,1655416,432,3.3
G0001,2025-01-23,13639,13828,13464,13687,669983,172,1.27
G0001,2025-01-24,13515,13790,13304,13349,1133707,-338,-2.47
G0001,2025-01-27,13309,13602,12967,13141,911209,-208,-1.56
G0001,2025-01-28,13248,13795,12854,13459,1057120,318,2.42
G0001,2025-01-29,13567,13961,13186,13909,1026172,450,3.34
G0001,2025-01-30,13947,14279,13478,13767,870740,-142,-1.02
G0001,2025-01-31,13755,14013,13578,13744,831784,-23,-0.17
G0001,2025-02-03,13718,14016,13610,13966,1286574,222,1.62
G0001,2025-02-04,13985,14544,13871,14235,1087873,269,1.93
G0001,2025-02-05,14231,14373,13809,14216,854072,-19,-0.13
G0001,2025-02-06,14222,14258,14079,14168,809242,-48,-0.34
G0001,2025-02-07,14231,14536,14128,14259,1214258,91,0.64
G0001,2025-02-10,14290,14647,14094,14226,577946,-33,-0.23
G0001,2025-02-11,14245,14509,14022,14469,1034255,243,1.71
G0001,2025-02-12,14487,14517,14082,14503,523499,34,0.23
G0001,2025-02-13,14776,15155,14470,14936,877566,433,2.99
G0001,2025-02-14,15855,17474,15433,17038,1967223,2102,14.07
G0001,2025-02-17,17044,17455,17003,17031,811020,-7,-0.04
G0001,2025-02-18,17122,17507,17068,17201,525632,170,1
G0001,2025-02-19,17249,17874,16757,17813,1078480,612,3.56
G0001,2025-02-20,17793,18384,17790,17981,507001,168,0.94
G0001,2025-02-21,18185,18655,18176,18504,1160500,523,2.91
G0001,2025-02-24,18733,19298,18425,18868,539784,364,1.97
G0001,2025-02-25,18994,19857,18448,19441,1120661,573,3.04
G0001,2025-02-26,19154,19509,18224,18734,1011967,-707,-3.64
G0001,2025-02-27,18819,19338,18557,18962,2120908,228,1.22
G0001,2025-02-28,18866,19096,18678,18752,920375,-210,-1.11
G0001,2025-03-03,18951,19641,18730,19192,1583224,440,2.35
G0001,2025-03-04,19235,19404,18759,19168,1617597,-24,-0.13
G0001,2025-03-05,19187,19395,19137,19162,590470,-6,-0.03
G0001,2025-03-06,18923,19287,18172,18422,2110801,-740,-3.86
G0001,2025-03-07,18517,18830,17967,18396,1340689,-26,-0.14
G0001,2025-03-10,18293,18494,17804,18308,622127,-88,-0.48
G0001,2025-03-11,18028,18182,17557,17588,754000,-720,-3.93
G0001,2025-03-12,17525,17610,17025,17106,872018,-482,-2.74
G0001,2025-03-13,17041,17344,16302,16772,1555579,-334,-1.95
G0001,2025-03-14,16859,17462,16844,17084,1257041,312,1.86
G0001,2025-03-17,17084,17162,16938,17067,1860296,-17,-0.1
G0001,2025-03-18,16993,17217,16459,16506,1264363,-561,-3.29
G0001,2025-03-19,16664,16956,16622,16810,1865435,304,1.84
G0001,2025-03-20,16599,16792,16418,16488,1815585,-322,-1.92
G0001,2025-03-21,16650,16965,16366,16691,1018470,203,1.23
G0001,2025-03-24,16634,17021,16165,16566,1019881,-125,-0.75
G0001,2025-03-25,16601,16883,16128,16602,872081,36,0.22
G0001,2025-03-26,16705,16976,16689,16774,1745811,172,1.04
G0001,2025-03-27,16747,17069,16368,16644,2121034,-130,-0.78
G0001,2025-03-28,16580,17024,16016,16353,2376685,-291,-1.75
G0001,2025-03-31,16333,16647,15393,15856,992441,-497,-3.04
G0001,2025-04-01,15946,16104,15776,15837,1014988,-19,-0.12
G0001,2025-04-02,15765,16116,15585,15733,756968,-104,-0.66
G0001,2025-04-03,15713,16627,15298,16156,1045363,423,2.69
G0001,2025-04-04,16005,16223,15553,15867,1107755,-289,-1.79
G0001,2025-04-07,15924,16357,15831,16220,960478,353,2.22
G0001,2025-04-08,16243,16945,16179,16720,944392,500,3.08
G0001,2025-04-09,16724,17212,16079,16544,1882295,-176,-1.05
G0001,2025-04-10,16716,17061,16413,16844,937354,300,1.81
G0001,2025-04-11,16939,17272,16601,17042,806617,198,1.18
G0001,2025-04-14,17214,17682,17144,17146,1281392,104,0.61
G0001,2025-04-15,17136,17415,16659,16976,1730173,-170,-0.99
G0001,2025-04-16,16676,17049,16430,16510,2241852,-466,-2.75
G0001,2025-04-17,16480,16808,16339,16609,1197779,99,0.6
G0001,2025-04-18,16524,16993,16133,16364,841961,-245,-1.48
G0001,2025-04-21,16399,17251,16234,16752,1123359,388,2.37
G0001,2025-04-22,16863,17150,16517,17058,1502624,306,1.83
G0001,2025-04-23,17014,17199,16841,17065,1134283,7,0.04
G0001,2025-04-24,17180,17688,16987,17237,1299041,172,1.01
G0001,2025-04-25,17260,17899,16895,17453,1221006,216,1.25
G0001,2025-04-28,17414,17851,17236,17316,878334,-137,-0.78
G0001,2025-04-29,17483,18595,17066,18114,2413310,798,4.61
G0001,2025-04-30,18103,18490,17581,18152,778999,38,0.21
G0001,2025-05-01,18049,18134,17330,17611,775212,-541,-2.98
G0001,2025-05-02,17636,18026,17202,17597,2687127,-14,-0.08
G0001,2025-05-05,17551,17642,17014,17486,1173991,-111,-0.63
G0001,2025-05-06,17314,17427,16742,17144,1106053,-342,-1.96
G0001,2025-05-07,17119,17612,16590,17077,1563823,-67,-0.39
G0001,2025-05-08,16978,17007,16800,16807,529253,-270,-1.58
G0001,2025-05-09,17014,17547,16880,17320,1368810,513,3.05
G0001,2025-05-12,17367,17662,17105,17492,914912,172,0.99
G0001,2025-05-13,17427,17542,17140,17426,1622192,-66,-0.38
G0001,2025-05-14,17446,18058,16997,17579,802243,153,0.88
G0001,2025-05-15,17498,17861,16994,17590,667278,11,0.06
G0001,2025-05-16,17602,17627,17200,17623,965695,33,0.19
G0001,2025-05-19,17629,18090,17323,17978,979595,355,2.01
G0001,2025-05-20,18010,18653,17882,18469,1184511,491,2.73
G0001,2025-05-21,18253,18351,17798,18100,405753,-369,-2
G0001,2025-05-22,18048,18134,17387,17680,1455771,-420,-2.32
G0001,2025-05-23,17723,18272,17332,17754,498548,74,0.42
G0001,2025-05-26,17635,17714,17125,17492,1044788,-262,-1.48
G0001,2025-05-27,17502,17946,17345,17442,1303228,-50,-0.29
G0001,2025-05-28,17413,17414,16614,16895,902040,-547,-3.14
G0001,2025-05-29,16710,17089,16222,16503,895154,-392,-2.32
G0001,2025-05-30,16491,16543,15982,16057,788543,-446,-2.7
G0001,2025-06-02,16080,16207,15669,16108,855454,51,0.32
G0001,2025-06-03,16118,16304,16027,16150,1001187,42,0.26
G0001,2025-06-04,16150,16179,15651,15956,1207540,-194,-1.2
G0001,2025-06-05,15964,16130,15491,15847,2103772,-109,-0.68
G0001,2025-06-06,15867,16264,15596,15846,930019,-1,-0.01
G0001,2025-06-09,15792,15929,15499,15705,1515988,-141,-0.89
G0001,2025-06-10,15485,15679,15165,15231,1421442,-474,-3.02
G0001,2025-06-11,15275,15548,14908,15223,1111249,-8,-0.05
G0001,2025-06-12,15256,15571,14924,15069,1102514,-154,-1.01
G0001,2025-06-13,15349,15846,15094,15799,1597945,730,4.84
G0001,2025-06-16,15808,15995,15308,15686,1653012,-113,-0.72
G0001,2025-06-17,15604,16034,15168,15417,1180194,-269,-1.71
G0001,2025-06-18,15423,15502,15291,15387,1488560,-30,-0.19
G0001,2025-06-19,15361,15904,15050,15499,1355786,112,0.73
G0001,2025-06-20,15379,15508,15345,15374,1509292,-125,-0.81
G0001,2025-06-23,15363,15808,15100,15493,909718,119,0.77
G0001,2025-06-24,15549,15795,15215,15567,1651845,74,0.48
G0001,2025-06-25,15522,15895,15198,15477,1106522,-90,-0.58
G0001,2025-06-26,15504,15686,15133,15562,1155941,85,0.55
G0001,2025-06-27,15609,16015,15428,15575,1193677,13,0.08
G0001,2025-06-30,15524,15884,15368,15474,1300369,-101,-0.65
G0001,2025-07-01,15497,15614,15173,15352,1657076,-122,-0.79
G0001,2025-07-02,15368,15505,15068,15352,1190852,0,0
G0001,2025-07-03,15302,15972,15158,15808,686756,456,2.97
G0001,2025-07-04,15952,16017,15725,15950,1086301,142,0.9
G0001,2025-07-07,16034,16501,15580,16254,568252,304,1.91
G0001,2025-07-08,16263,16265,15707,16140,1014470,-114,-0.7
G0001,2025-07-09,15730,16152,15204,15439,1576796,-701,-4.34
G0001,2025-07-10,15390,15490,14943,15480,1032565,41,0.27
G0001,2025-07-11,15879,16690,15464,16288,1126895,808,5.22
G0001,2025-07-14,16434,16996,15978,16612,1050403,324,1.99
G0001,2025-07-15,16567,16720,15906,16397,1554501,-215,-1.29
G0001,2025-07-16,16341,16708,16097,16156,993006,-241,-1.47
G0001,2025-07-17,15966,16185,15586,15724,916747,-432,-2.67
G0001,2025-07-18,15549,15843,15381,15401,1185796,-323,-2.05
G0001,2025-07-21,15391,15530,15147,15211,767693,-190,-1.23
G0001,2025-07-22,15427,16010,15073,15640,900256,429,2.82
G0001,2025-07-23,16002,16340,15857,16079,2248506,439,2.81
G0001,2025-07-24,16109,16732,16023,16281,1262766,202,1.26
G0001,2025-07-25,16272,16610,16188,16346,1169424,65,0.4
G0001,2025-07-28,16418,17224,16319,16741,1520400,395,2.42
G0001,2025-07-29,16759,16908,16638,16880,1383420,139,0.83
G0001,2025-07-30,16746,17145,16416,16642,19565408,-238,-1.41
G0001,2025-07-31,16521,16569,16049,16352,1333998,-290,-1.74
G0001,2025-08-01,16351,16432,16259,16306,1258540,-46,-0.28
G0001,2025-08-04,16080,16216,15258,15723,1096826,-583,-3.58
G0001,2025-08-05,15700,15859,15472,15847,15846532,124,0.79
G0001,2025-08-06,15969,16246,15697,15902,1350772,55,0.35
G0001,2025-08-07,15836,15925,15657,15799,884971,-103,-0.65
G0001,2025-08-08,15964,16469,15570,16036,815331,237,1.5
G0001,2025-08-11,16077,16424,15893,16229,967796,193,1.2
G0001,2025-08-12,16273,16577,16099,16180,1453285,-49,-0.3
G0001,2025-08-13,16168,16536,15814,16254,1277650,74,0.46
G0001,2025-08-14,17530,19537,17113,19506,1298253,3252,20.01
G0001,2025-08-15,19409,19521,19062,19309,551251,-197,-1.01
G0001,2025-08-18,19285,19479,19142,19449,1701147,140,0.73
G0001,2025-08-19,19423,20096,19347,19576,1394305,127,0.65
G0001,2025-08-20,19648,20197,19085,19616,1298183,40,0.2
G0001,2025-08-21,19318,19800,18546,18945,965355,-671,-3.42
G0001,2025-08-22,18984,19516,18513,19484,1261519,539,2.85
G0001,2025-08-25,19644,19924,19095,19906,801657,422,2.17
G0001,2025-08-26,19935,20547,19524,20019,599777,113,0.57
G0001,2025-08-27,20068,20226,19970,20100,1528858,81,0.4
G0001,2025-08-28,20090,21082,19624,20503,1191426,403,2
G0001,2025-08-29,20562,21391,20509,21121,701877,618,3.01
G0001,2025-09-01,21026,21438,20137,20670,618727,-451,-2.14
G0001,2025-09-02,20615,20932,20176,20371,1967488,-299,-1.45
G0001,2025-09-03,20408,21360,20361,20745,1488554,374,1.84
G0001,2025-09-04,20728,21196,20028,20392,1012371,-353,-1.7
G0001,2025-09-05,20577,21131,20040,20706,1208454,314,1.54
G0001,2025-09-08,20708,21189,20506,20704,837457,-2,-0.01
G0001,2025-09-09,20663,21118,20192,20495,1368095,-209,-1.01
G0001,2025-09-10,20306,20694,20021,20068,1059638,-427,-2.08
G0001,2025-09-11,20051,20527,19817,20233,905949,165,0.82
G0001,2025-09-12,20067,20171,18832,19388,1200609,-845,-4.18
G0001,2025-09-15,19384,19908,18815,19528,592041,140,0.72
G0001,2025-09-16,19401,19829,19216,19240,1463492,-288,-1.47
G0001,2025-09-17,19267,19685,18807,19493,1307798,253,1.31
G0001,2025-09-18,19432,19841,18141,18650,2357104,-843,-4.32
G0001,2025-09-19,18794,19502,18499,19009,981863,359,1.92
G0001,2025-09-22,18786,19142,18159,18377,1923499,-632,-3.32
G0001,2025-09-23,18432,18615,18122,18382,1185656,5,0.03
G0001,2025-09-24,18354,18655,18307,18400,1056921,18,0.1
G0001,2025-09-25,18345,18345,17419,17795,1839226,-605,-3.29
G0001,2025-09-26,17682,17944,17245,17384,1238663,-411,-2.31
G0001,2025-09-29,17380,17560,17224,17550,900163,166,0.95
G0001,2025-09-30,17516,17533,16938,17254,1396580,-296,-1.69
G0001,2025-10-01,17275,17568,17271,17406,1329878,152,0.88
G0001,2025-10-02,17574,18245,17119,17721,1207663,315,1.81
G0001,2025-10-03,17632,17735,17559,17667,463473,-54,-0.3
G0001,2025-10-06,17757,18343,17640,18236,1170228,569,3.22
G0001,2025-10-07,18131,18192,17709,17829,614124,-407,-2.23
G0001,2025-10-08,17797,17846,17190,17654,731277,-175,-0.98
G0001,2025-10-09,17716,18035,17478,17698,1309349,44,0.25
G0001,2025-10-10,17777,17890,17712,17865,722542,167,0.94
G0001,2025-10-13,17809,18293,17131,17646,1216728,-219,-1.23
G0001,2025-10-14,17581,17796,17483,17512,970590,-134,-0.76
G0001,2025-10-15,17532,17889,17496,17664,1237262,152,0.87
G0001,2025-10-16,17623,17858,17310,17677,922545,13,0.07
G0001,2025-10-17,17800,18319,17457,18014,1263519,337,1.91
G0001,2025-10-20,18096,18307,17620,18220,1236436,206,1.14
G0001,2025-10-21,18337,18771,18090,18770,1073116,550,3.02
G0001,2025-10-22,18743,19173,18614,18974,1593364,204,1.09
G0001,2025-10-23,19111,19502,18961,19087,1815539,113,0.6
G0001,2025-10-24,18813,19316,18253,18576,1300324,-511,-2.68
G0001,2025-10-27,18655,18856,18341,18732,873648,156,0.84
G0001,2025-10-28,18294,18465,17566,17700,1258548,-1032,-5.51
G0001,2025-10-29,17636,17690,17102,17525,792403,-175,-0.99
G0001,2025-10-30,17608,17943,17278,17703,559046,178,1.02
G0001,2025-10-31,17447,17853,16802,17149,1314578,-554,-3.13
G0001,2025-11-03,17028,17516,16244,16540,786692,-609,-3.55
G0001,2025-11-04,16451,16637,16069,16285,1083245,-255,-1.54
G0001,2025-11-05,16358,16803,15968,16616,1267561,331,2.03
G0001,2025-11-06,16564,17025,16387,16562,1301177,-54,-0.32
G0001,2025-11-07,16424,16704,16023,16252,1572469,-310,-1.87
G0001,2025-11-10,16321,16391,15935,16258,738025,6,0.04
G0001,2025-11-11,16028,16039,15533,15570,1293668,-688,-4.23
G0001,2025-11-12,15469,15790,15371,15490,1032058,-80,-0.51
G0001,2025-11-13,15548,15827,15239,15661,1003016,171,1.1
G0001,2025-11-14,15162,15273,12555,12916,1374252,-2745,-17.53
G0001,2025-11-17,13092,13453,12883,13236,1056381,320,2.48
G0001,2025-11-18,13324,13696,13180,13306,1092162,70,0.53
G0001,2025-11-19,13214,13342,12599,12925,1028590,-381,-2.86
G0001,2025-11-20,12848,12895,12425,12758,813491,-167,-1.29
G0001,2025-11-21,12757,12965,12526,12876,1658618,118,0.92
G0001,2025-11-24,12835,13132,12473,12893,1078888,17,0.13
G0001,2025-11-25,12913,13215,12598,12987,685222,94,0.73
G0001,2025-11-26,12908,13194,12653,12666,752247,-321,-2.47
G0001,2025-11-27,12713,12777,12661,12745,1714228,79,0.62
G0001,2025-11-28,12645,12759,12448,12488,1408151,-257,-2.02
G0001,2025-12-01,12514,12831,12368,12729,1877763,241,1.93
G0001,2025-12-02,12712,12970,12215,12392,2100713,-337,-2.65
G0001,2025-12-03,12164,12504,11797,11894,731713,-498,-4.02
G0001,2025-12-04,11971,12089,11786,11991,1148643,97,0.82
G0001,2025-12-05,11939,11959,11789,11866,1255467,-125,-1.04
G0001,2025-12-08,11826,11989,11512,11874,983622,8,0.07
G0001,2025-12-09,11746,11996,11616,11700,1150071,-174,-1.47
G0001,2025-12-10,11670,11958,11482,11609,1052480,-91,-0.78
G0001,2025-12-11,11524,11742,11003,11257,1542433,-352,-3.03
G0001,2025-12-12,11273,11463,11262,11398,803102,141,1.25
G0001,2025-12-15,11456,11690,11134,11413,814045,15,0.13
G0001,2025-12-16,11277,11332,10833,11137,681007,-276,-2.42
G0001,2025-12-17,11135,11440,10828,11176,988957,39,0.35
G0001,2025-12-18,11160,11484,11083,11138,1407029,-38,-0.34
G0001,2025-12-19,11107,11157,10850,11059,1021225,-79,-0.71
G0001,2025-12-22,11149,11323,11078,11270,1646206,211,1.91
G0001,2025-12-23,11254,11309,10977,11163,1540101,-107,-0.95
G0001,2025-12-24,11170,11435,11147,11192,966699,29,0.26
G0001,2025-12-25,11195,11435,10965,11426,1073376,234,2.09
G0001,2025-12-26,11323,11534,11233,11259,1955512,-167,-1.46
G0001,2025-12-29,11258,11689,11139,11458,1459132,199,1.77
G0001,2025-12-30,11492,11809,11259,11559,1082843,101,0.88
G0001,2025-12-31,11502,11732,11096,11391,897733,-168,-1.45
G0001,2026-01-01,11368,11678,11241,11258,613548,-133,-1.17
G0001,2026-01-02,11313,11795,11082,11580,986805,322,2.86
G0001,2026-01-05,11542,11785,11166,11420,863015,-160,-1.38
G0001,2026-01-06,11452,11585,11119,11570,1573863,150,1.31
G0001,2026-01-07,11696,12297,11486,11964,1559906,394,3.41
G0001,2026-01-08,12098,12426,12015,12199,1134450,235,1.96
G0001,2026-01-09,12103,12365,11828,11957,1007906,-242,-1.98
G0001,2026-01-12,11957,12645,11651,12283,1168207,326,2.73
G0001,2026-01-13,12150,12221,11911,11957,1098100,-326,-2.65
G0001,2026-01-14,12075,12328,11939,12171,947082,214,1.79
G0001,2026-01-15,12154,12268,11830,12073,752617,-98,-0.81
G0001,2026-01-16,11883,11950,11568,11743,1330538,-330,-2.73
G0001,2026-01-19,11719,11750,11268,11575,852803,-168,-1.43
G0001,2026-01-20,11420,11528,11283,11290,1175638,-285,-2.46
G0001,2026-01-21,11173,11228,10859,10919,728355,-371,-3.29
G0001,2026-01-22,10738,11017,10280,10488,1334526,-431,-3.95
G0001,2026-01-23,10510,10924,10313,10719,1325049,231,2.2
G0001,2026-01-26,10913,11454,10808,11199,1808782,480,4.48
G0001,2026-01-27,11284,11525,11032,11463,1289388,264,2.36
G0001,2026-01-28,11322,11446,11240,11270,1399637,-193,-1.68
G0001,2026-01-29,11279,11360,11113,11239,975468,-31,-0.28
G0001,2026-01-30,11213,11235,10973,11195,909486,-44,-0.39
G0001,2026-02-02,11232,11594,11133,11540,1047269,345,3.08
G0001,2026-02-03,11593,12035,11493,11857,989756,317,2.75
G0001,2026-02-04,11770,11888,11541,11713,1151534,-144,-1.21
G0001,2026-02-05,11785,12164,11624,11986,1456270,273,2.33
G0001,2026-02-06,11978,12179,11680,11920,1078706,-66,-0.55
G0001,2026-02-09,11929,12257,11613,12043,1203945,123,1.03
G0001,2026-02-10,11973,11985,11750,11934,1097095,-109,-0.91
G0001,2026-02-11,11885,12062,11251,11506,686938,-428,-3.59
G0001,2026-02-12,11522,12051,11395,11889,693581,383,3.33
G0001,2026-02-13,11896,12151,11623,11873,1427079,-16,-0.13
G0001,2026-02-16,12448,13203,12225,13153,1837121,1280,10.78
G0001,2026-02-17,13179,13335,12840,13221,735802,68,0.52
G0001,2026-02-18,13265,13290,12887,12975,1450048,-246,-1.86
G0001,2026-02-19,13024,13149,12601,12972,901735,-3,-0.02
G0001,2026-02-20,12926,13158,12582,12734,1768649,-238,-1.83
G0001,2026-02-23,12854,13567,12608,13440,1274491,706,5.54
G0001,2026-02-24,13389,13401,13242,13297,739091,-143,-1.06
G0001,2026-02-25,13316,13392,12873,13153,898933,-144,-1.08
G0001,2026-02-26,13212,13581,13188,13317,1405422,164,1.25
G0001,2026-02-27,13271,13648,12855,12992,957808,-325,-2.44
G0001,2026-03-02,13122,13606,12751,13265,1758062,273,2.1
G0001,2026-03-03,13237,13516,12844,13185,1219477,-80,-0.6
G0001,2026-03-04,13296,13961,13100,13572,1188422,387,2.94
G0001,2026-03-05,13694,13809,13595,13705,1257928,133,0.98
G0001,2026-03-06,13732,14419,13692,14067,1255635,362,2.64
G0001,2026-03-09,14131,14684,13952,14584,1659520,517,3.68
G0001,2026-03-10,14627,14659,14237,14499,28923504,-85,-0.58
G0001,2026-03-11,14498,14534,14084,14394,1219772,-105,-0.72
G0001,2026-03-12,14416,14526,14230,14356,842631,-38,-0.26
G0001,2026-03-13,14301,14595,13859,14169,1351059,-187,-1.3
G0001,2026-03-16,14107,14305,13782,14033,1791528,-136,-0.96
G0001,2026-03-17,14005,14023,13913,14016,637572,-17,-0.12
G0001,2026-03-18,13954,14330,13673,13781,1611282,-235,-1.68
G0001,2026-03-19,13782,14145,13520,13790,1320240,9,0.07
G0001,2026-03-20,13784,14176,13431,13699,646930,-91,-0.66
G0001,2026-03-23,13708,13822,13660,13689,1003340,-10,-0.07
G0001,2026-03-24,13703,13983,12911,13059,2280567,-630,-4.6
G0001,2026-03-25,13042,13341,12883,13055,1170351,-4,-0.03
G0001,2026-03-26,13014,13237,12866,13036,1960034,-19,-0.15
G0001,2026-03-27,13040,13465,12936,13159,2333472,123,0.94
G0001,2026-03-30,13038,13205,12218,12404,2850304,-755,-5.74
G0001,2026-03-31,12309,12465,12268,12319,1089479,-85,-0.69
G0001,2026-04-01,12276,12581,12039,12146,2047112,-173,-1.4
G0001,2026-04-02,12094,12330,11761,11966,1804594,-180,-1.48
G0001,2026-04-03,12026,12326,11953,12065,539659,99,0.83
G0001,2026-04-06,11989,12142,11646,11981,1029689,-84,-0.7
G0001,2026-04-07,12005,12194,11687,11981,763082,0,0
G0001,2026-04-08,11958,12165,11806,11912,1664702,-69,-0.58
G0001,2026-04-09,11885,11942,11678,11830,663300,-82,-0.69
G0001,2026-04-10,11842,12132,11528,11878,578859,48,0.41
G0001,2026-04-13,12003,12388,11676,12120,1086785,242,2.04
G0001,2026-04-14,12059,12190,12016,12021,924770,-99,-0.82
G0001,2026-04-15,12070,12221,11887,12116,762922,95,0.79
G0001,2026-04-16,12041,12137,11939,12019,829227,-97,-0.8
G0001,2026-04-17,11860,11904,11350,11669,1463401,-350,-2.91
G0001,2026-04-20,11508,11703,10539,10822,2715171,-847,-7.26
G0001,2026-04-21,10893,11314,10640,11092,2052160,270,2.49
G0001,2026-04-22,10918,10941,10374,10530,753234,-562,-5.07
G0001,2026-04-23,10449,10505,10239,10371,923520,-159,-1.51
G0001,2026-04-24,10413,10461,10235,10420,1027606,49,0.47
G0001,2026-04-27,10412,10704,10236,10533,1583623,113,1.08
G0001,2026-04-28,10362,10584,9993,10207,821592,-326,-3.1
G0001,2026-04-29,10308,10482,10044,10314,1137679,107,1.05
G0001,2026-04-30,10335,10563,9972,10230,681487,-84,-0.81
G0001,2026-05-01,10307,10854,10236,10600,1924393,370,3.62
G0001,2026-05-04,10770,11176,10671,10932,1284723,332,3.13
G0001,2026-05-05,10945,11158,10738,11079,728964,147,1.34
G0001,2026-05-06,11037,11265,10654,10971,914086,-108,-0.97
G0001,2026-05-07,10970,11297,10726,11033,25979938,62,0.57
G0001,2026-05-08,10875,10970,10413,10637,729813,-396,-3.59
G0001,2026-05-11,10661,10802,10477,10594,786817,-43,-0.4
G0001,2026-05-12,10620,10959,10315,10735,716813,141,1.33
G0001,2026-05-13,10706,11002,10111,10420,557120,-315,-2.93
G0001,2026-05-14,10526,10831,10505,10754,744848,334,3.21
G0001,2026-05-15,10615,10785,10109,10113,1492229,-641,-5.96
G0001,2026-05-18,10138,10475,9995,10392,644395,279,2.76
G0001,2026-05-19,10232,10461,9536,9632,1033514,-760,-7.31
G0001,2026-05-20,9553,9678,8989,9179,1544907,-453,-4.7
G0001,2026-05-21,9114,9218,8764,8885,1401928,-294,-3.2
G0001,2026-05-22,8861,8984,8763,8895,1182770,10,0.11
G0001,2026-05-25,9030,9384,8931,9116,753521,221,2.48
G0001,2026-05-26,9156,9221,8917,9161,1080289,45,0.49
G0001,2026-05-27,9148,9322,8943,9017,1180944,-144,-1.57
G0001,2026-05-28,9064,9363,8919,9270,856995,253,2.81
G0001,2026-05-29,9284,9616,9202,9547,1094829,277,2.99
G0001,2026-06-01,9471,9720,9229,9383,442392,-164,-1.72
G0001,2026-06-02,9350,9582,9094,9414,875006,31,0.33
G0001,2026-06-03,9482,9603,9351,9568,891121,154,1.64
G0001,2026-06-04,9660,9967,9499,9884,739875,316,3.3
G0001,2026-06-05,9788,9852,9355,9592,818033,-292,-2.95
G0001,2026-06-08,9483,9701,9217,9272,1572358,-320,-3.34
G0001,2026-06-09,9301,9515,9005,9242,1712757,-30,-0.32
G0001,2026-06-10,9433,9768,9224,9574,1603373,332,3.59
G0001,2026-06-11,9566,9645,9387,9446,1383451,-128,-1.34
G0001,2026-06-12,9476,9735,9431,9567,904347,121,1.28
G0001,2026-06-15,9439,9554,9222,9320,985121,-247,-2.58
G0001,2026-06-16,9340,9864,9184,9592,1239044,272,2.92
G0001,2026-06-17,9684,10040,9664,9802,1240519,210,2.19
G0001,2026-06-18,9763,9817,9582,9643,728694,-159,-1.62
G0001,2026-06-19,9659,9935,9521,9657,617316,14,0.15
G0001,2026-06-22,9460,9575,9033,9266,802957,-391,-4.05
G0001,2026-06-23,9259,9434,9070,9187,1003498,-79,-0.85
G0001,2026-06-24,9169,9345,9051,9168,1363538,-19,-0.21
G0001,2026-06-25,9270,9595,9244,9527,2725596,359,3.92
G0001,2026-06-26,9524,9601,9390,9500,1843909,-27,-0.28
G0001,2026-06-29,9630,9880,9574,9706,1612470,206,2.17
G0001,2026-06-30,9626,9641,9399,9457,1741841,-249,-2.57
G0001,2026-07-01,9496,9678,9264,9593,924094,136,1.44
G0001,2026-07-02,9571,9813,9397,9629,761290,36,0.38
G0001,2026-07-03,9715,10145,9610,9942,1100251,313,3.25
G0001,2026-07-06,10017,10116,9956,10005,708797,63,0.63
G0001,2026-07-07,10027,10185,9950,10011,820570,6,0.06
G0001,2026-07-08,10002,10358,9894,10102,835277,91,0.91
G0001,2026-07-09,10087,10124,9969,10062,768969,-40,-0.4
G0001,2026-07-10,10086,10179,9985,10138,1017533,76,0.76
G0001,2026-07-13,10131,10311,9872,10231,690184,93,0.92
G0001,2026-07-14,10203,10272,9861,10131,1203223,-100,-0.98
G0001,2026-07-15,10065,10092,9573,9772,798749,-359,-3.54
G0001,2026-07-16,9824,10296,9575,10046,989157,274,2.8
G0001,2026-07-17,10088,10294,9982,10247,941405,201,2
G0001,2026-07-20,10168,10431,9753,9919,1567295,-328,-3.2
G0001,2026-07-21,9935,10095,9739,9945,660880,26,0.26
G0001,2026-07-22,9944,9961,9596,9854,862740,-91,-0.92
G0001,2026-07-23,9829,10052,9621,9748,1000893,-106,-1.08
G0001,2026-07-24,9744,10190,9560,10113,977742,365,3.74
G0001,2026-07-27,10121,10262,9801,9864,2922203,-249,-2.46
G0001,2026-07-28,9918,10246,9883,10083,1460904,219,2.22
G0001,2026-07-29,9996,10084,9846,9983,786489,-100,-0.99
G0001,2026-07-30,10194,10548,10122,10374,1131169,391,3.92
G0001,2026-07-31,10417,10809,10115,10585,1497379,211,2.03
G0001,2026-08-03,10562,10712,10557,10704,1108346,119,1.12
G0001,2026-08-04,10622,10919,10288,10583,1746196,-121,-1.13
G0001,2026-08-05,10435,10698,9941,10238,2156728,-345,-3.26
G0001,2026-08-06,10129,10257,9935,9936,2882776,-302,-2.95
G0001,2026-09-07,9981,10013,9772,9963,2020931,27,0.27
G0002,2023-09-25,27263,28031,27028,27753,2301550,0,0
G0002,2023-09-26,27259,28048,26865,27131,1911402,-622,-2.24
G0002,2023-09-27,27363,28238,26915,27610,1454640,479,1.77
G0002,2023-09-28,27628,28017,26661,27416,1028526,-194,-0.7
G0002,2023-09-29,27313,27460,26581,27129,1944742,-287,-1.05
G0002,2023-10-02,26855,27249,26455,26740,1019576,-389,-1.43
G0002,2023-10-03,26986,27510,26748,26929,736114,189,0.71
G0002,2023-10-04,26898,27453,26479,26887,891893,-42,-0.16
G0002,2023-10-05,26794,27396,25524,25829,1577341,-1058,-3.93
G0002,2023-10-06,25723,26175,24803,24898,1019107,-931,-3.6
G0002,2023-10-09,25007,25569,24284,24782,930965,-116,-0.47
G0002,2023-10-10,24903,25631,24316,25061,1423912,279,1.13
G0002,2023-10-11,24970,25106,24699,24700,1178152,-361,-1.44
G0002,2023-10-12,24760,25029,24459,24763,704355,63,0.26
G0002,2023-10-13,24758,25137,24145,24919,671139,156,0.63
G0002,2023-10-16,24974,25999,24557,25439,1389099,520,2.09
G0002,2023-10-17,25040,25397,24116,24510,1990994,-929,-3.65
G0002,2023-10-18,24721,25327,24118,24878,763040,368,1.5
G0002,2023-10-19,24838,25189,24660,25024,1665124,146,0.59
G0002,2023-10-20,25080,25764,24893,25350,893595,326,1.3
G0002,2023-10-23,25125,25380,24052,24635,1205457,-715,-2.82
G0002,2023-10-24,24682,25079,24337,24918,1185204,283,1.15
G0002,2023-10-25,24890,25189,24564,24594,1170761,-324,-1.3
G0002,2023-10-26,24585,24926,24081,24774,1078123,180,0.73
G0002,2023-10-27,24739,25373,24537,24591,519882,-183,-0.74
G0002,2023-10-30,24665,25223,23962,24561,665733,-30,-0.12
G0002,2023-10-31,24883,25847,24739,25273,1297469,712,2.9
G0002,2023-11-01,25393,25702,25014,25284,880152,11,0.04
G0002,2023-11-02,25283,25392,24979,25227,741579,-57,-0.23
G0002,2023-11-03,25077,25666,24266,24745,938719,-482,-1.91
G0002,2023-11-06,24659,25349,24400,24424,765415,-321,-1.3
G0002,2023-11-07,24521,24784,23931,24583,928947,159,0.65
G0002,2023-11-08,24309,25033,23490,23861,958886,-722,-2.94
G0002,2023-11-09,23897,24497,23470,24178,666703,317,1.33
G0002,2023-11-10,24139,24414,24078,24192,527830,14,0.06
G0002,2023-11-13,24299,24748,23949,24433,749059,241,1
G0002,2023-11-14,25952,29987,25207,29252,2591473,4819,19.72
G0002,2023-11-15,29116,29873,28169,28796,359458,-456,-1.56
G0002,2023-11-16,28756,29070,27723,28199,721041,-597,-2.07
G0002,2023-11-17,28067,28334,27747,28071,524839,-128,-0.45
G0002,2023-11-20,28282,28850,28091,28279,696632,208,0.74
G0002,2023-11-21,28228,28271,27354,28064,832599,-215,-0.76
G0002,2023-11-22,28455,29423,28345,28966,1584684,902,3.21
G0002,2023-11-23,28751,29297,27526,28275,848324,-691,-2.39
G0002,2023-11-24,28296,29368,28230,29067,1115362,792,2.8
G0002,2023-11-27,29075,29236,28979,29045,785456,-22,-0.08
G0002,2023-11-28,29395,30171,28896,29657,1003420,612,2.11
G0002,2023-11-29,29755,29820,28602,29400,791760,-257,-0.87
G0002,2023-11-30,29576,30091,29107,29999,898559,599,2.04
G0002,2023-12-01,30136,31524,29960,30639,1536606,640,2.13
G0002,2023-12-04,30353,31166,29298,30069,785539,-570,-1.86
G0002,2023-12-05,30119,30854,29999,30350,938489,281,0.93
G0002,2023-12-06,30044,30906,29394,29569,1378405,-781,-2.57
G0002,2023-12-07,29611,30166,29405,29479,651043,-90,-0.3
G0002,2023-12-08,29283,29319,28747,29218,857240,-261,-0.89
G0002,2023-12-11,28946,29031,28185,28591,745764,-627,-2.15
G0002,2023-12-12,29066,30268,28436,29525,1534701,934,3.27
G0002,2023-12-13,29741,31251,28913,30404,1317412,879,2.98
G0002,2023-12-14,30581,30863,29660,30526,1003450,122,0.4
G0002,2023-12-15,30498,30684,29821,30487,1297730,-39,-0.13
G0002,2023-12-18,30263,30729,29880,29905,1238515,-582,-1.91
G0002,2023-12-19,29814,30208,28951,29627,1044140,-278,-0.93
G0002,2023-12-20,29720,30559,29345,30161,1106016,534,1.8
G0002,2023-12-21,30235,30489,29551,30296,1344485,135,0.45
G0002,2023-12-22,30199,30655,29409,30142,1010080,-154,-0.51
G0002,2023-12-25,30036,30791,29787,29964,1006753,-178,-0.59
G0002,2023-12-26,29945,31167,29338,30318,2376810,354,1.18
G0002,2023-12-27,30255,31125,29827,30434,948954,116,0.38
G0002,2023-12-28,30221,30977,29370,29817,2039222,-617,-2.03
G0002,2023-12-29,29602,30422,28537,29338,1141583,-479,-1.61
G0002,2024-01-01,29333,29938,28792,29099,614366,-239,-0.81
G0002,2024-01-02,29023,29635,28611,28797,977363,-302,-1.04
G0002,2024-01-03,28736,29074,28096,28237,957417,-560,-1.94
G0002,2024-01-04,28049,28611,27333,27719,1043788,-518,-1.83
G0002,2024-01-05,27770,28303,27477,28207,1006662,488,1.76
G0002,2024-01-08,28277,28600,28189,28272,844398,65,0.23
G0002,2024-01-09,28274,28611,27991,28291,578727,19,0.07
G0002,2024-01-10,28235,29056,27448,28130,498510,-161,-0.57
G0002,2024-01-11,28419,29341,27905,28525,1472571,395,1.4
G0002,2024-01-12,28658,28970,28196,28665,861819,140,0.49
G0002,2024-01-15,28671,30713,27934,30023,792476,1358,4.74
G0002,2024-01-16,30082,30137,29268,30094,1118163,71,0.24
G0002,2024-01-17,29925,30547,29799,29890,613350,-204,-0.68
G0002,2024-01-18,30040,30223,29839,30034,733418,144,0.48
G0002,2024-01-19,30235,30847,29583,30653,1159220,619,2.06
G0002,2024-01-22,30468,30830,29710,30547,714995,-106,-0.35
G0002,2024-01-23,30702,32158,29879,31279,562197,732,2.4
G0002,2024-01-24,31235,31926,31214,31283,670807,4,0.01
G0002,2024-01-25,31572,32114,31484,31650,1137172,367,1.17
G0002,2024-01-26,31721,32394,30774,32212,439632,562,1.78
G0002,2024-01-29,32171,33070,32047,33062,1022148,850,2.64
G0002,2024-01-30,33214,33490,32260,33255,702732,193,0.58
G0002,2024-01-31,33364,33423,32177,33057,1399292,-198,-0.6
G0002,2024-02-01,33690,34190,33471,33946,660811,889,2.69
G0002,2024-02-02,33831,34693,32714,33593,803556,-353,-1.04
G0002,2024-02-05,33584,34440,32724,33382,673982,-211,-0.63
G0002,2024-02-06,33786,34348,33216,33769,780318,387,1.16
G0002,2024-02-07,33968,34404,33004,34305,831396,536,1.59
G0002,2024-02-08,34182,34878,32839,33628,901290,-677,-1.97
G0002,2024-02-09,33615,34057,33115,33321,572068,-307,-0.91
G0002,2024-02-12,33195,33462,31996,32952,470682,-369,-1.11
G0002,2024-02-13,32903,33673,32567,32645,575958,-307,-0.93
G0002,2024-02-14,35788,39223,35515,38731,1511115,6086,18.64
G0002,2024-02-15,38573,39028,37344,38019,744352,-712,-1.84
G0002,2024-02-16,37438,37882,36790,37168,1683083,-851,-2.24
G0002,2024-02-19,37244,37924,36771,37215,977229,47,0.13
G0002,2024-02-20,36999,37965,36056,36956,932090,-259,-0.7
G0002,2024-02-21,37813,39334,37262,38268,1478997,1312,3.55
G0002,2024-02-22,37702,38379,36463,37141,1040260,-1127,-2.95
G0002,2024-02-23,37156,38100,35635,36596,734559,-545,-1.47
G0002,2024-02-26,36519,37869,36066,37609,1223103,1013,2.77
G0002,2024-02-27,37581,38097,36961,37593,810356,-16,-0.04
G0002,2024-02-28,37726,38504,36314,36629,1005500,-964,-2.56
G0002,2024-02-29,36626,37297,36325,36566,711679,-63,-0.17
G0002,2024-03-01,36457,36551,35899,36166,1399689,-400,-1.09
G0002,2024-03-04,35911,37456,34866,36379,595013,213,0.59
G0002,2024-03-05,36380,37254,36166,36431,1551663,52,0.14
G0002,2024-03-06,36449,37172,35391,35696,1184983,-735,-2.02
G0002,2024-03-07,35872,36281,34573,35505,1123976,-191,-0.54
G0002,2024-03-08,35392,36326,34903,35456,1112141,-49,-0.14
G0002,2024-03-11,35579,35803,35248,35437,558748,-19,-0.05
G0002,2024-03-12,35434,35936,34647,34746,1117074,-691,-1.95
G0002,2024-03-13,34840,35538,34504,34839,549062,93,0.27
G0002,2024-03-14,35110,35942,34446,35096,976579,257,0.74
G0002,2024-03-15,34926,35731,34055,35065,1476876,-31,-0.09
G0002,2024-03-18,35293,36498,35158,35711,1917958,646,1.84
G0002,2024-03-19,35658,35675,34871,35067,1463819,-644,-1.8
G0002,2024-03-20,35226,36427,34514,35765,1143958,698,1.99
G0002,2024-03-21,34967,35887,33506,34412,1206549,-1353,-3.78
G0002,2024-03-22,34475,36245,33790,35259,899945,847,2.46
G0002,2024-03-25,35807,36992,35293,36727,1387170,1468,4.16
G0002,2024-03-26,37304,38523,36400,38191,1249577,1464,3.99
G0002,2024-03-27,38196,39404,37791,38868,1090318,677,1.77
G0002,2024-03-28,38408,38502,37944,38349,1457115,-519,-1.34
G0002,2024-03-29,37838,38044,36199,36930,2166734,-1419,-3.7
G0002,2024-04-01,36812,37484,35603,36574,851006,-356,-0.96
G0002,2024-04-02,36510,37396,35294,36297,760465,-277,-0.76
G0002,2024-04-03,36298,36974,35757,36559,501394,262,0.72
G0002,2024-04-04,36539,36793,35495,36242,818297,-317,-0.87
G0002,2024-04-05,36064,36067,35107,35421,430265,-821,-2.27
G0002,2024-04-08,35605,36545,34811,35819,570938,398,1.12
G0002,2024-04-09,35897,36675,35839,36024,689331,205,0.57
G0002,2024-04-10,36167,37219,35142,36790,560131,766,2.13
G0002,2024-04-11,36838,38033,36828,37463,1019887,673,1.83
G0002,2024-04-12,37304,38136,35765,36720,603410,-743,-1.98
G0002,2024-04-15,37292,38168,36568,37754,1827879,1034,2.82
G0002,2024-04-16,37972,38400,37714,38305,728552,551,1.46
G0002,2024-04-17,38622,39464,37671,39049,832574,744,1.94
G0002,2024-04-18,38927,39293,37445,37820,1219324,-1229,-3.15
G0002,2024-04-19,37958,39257,37667,39030,708958,1210,3.2
G0002,2024-04-22,39039,39177,38614,39048,926382,18,0.05
G0002,2024-04-23,39015,39821,38566,39000,776452,-48,-0.12
G0002,2024-04-24,39099,40551,38096,39726,981287,726,1.86
G0002,2024-04-25,39999,41225,38887,40138,937524,412,1.04
G0002,2024-04-26,39334,39634,37341,38295,1090090,-1843,-4.59
G0002,2024-04-29,38605,40507,38212,39555,910954,1260,3.29
G0002,2024-04-30,39372,40530,38845,39631,414776,76,0.19
G0002,2024-05-01,39844,40662,38671,40120,865220,489,1.23
G0002,2024-05-02,40326,40738,39321,40474,808170,354,0.88
G0002,2024-05-03,40616,41986,39531,41292,660630,818,2.02
G0002,2024-05-06,41151,42374,40151,41641,884766,349,0.85
G0002,2024-05-07,41560,42069,40949,41682,820257,41,0.1
G0002,2024-05-08,41618,42328,41344,41431,492919,-251,-0.6
G0002,2024-05-09,41403,42143,41003,41821,572948,390,0.94
G0002,2024-05-10,41855,42800,41531,42285,503558,464,1.11
G0002,2024-05-13,42156,42863,41084,41671,808807,-614,-1.45
G0002,2024-05-14,41605,42145,40458,41315,1653169,-356,-0.85
G0002,2024-05-15,42421,45715,41737,45362,1352731,4047,9.8
G0002,2024-05-16,45577,47182,45125,45921,1866361,559,1.23
G0002,2024-05-17,46043,47336,45604,46691,29902558,770,1.68
G0002,2024-05-20,46443,47779,45708,46412,1075752,-279,-0.6
G0002,2024-05-21,46548,46971,44555,45506,795644,-906,-1.95
G0002,2024-05-22,45355,46160,43701,44908,1209971,-598,-1.31
G0002,2024-05-23,44463,44473,42173,42749,1449430,-2159,-4.81
G0002,2024-05-24,42319,42904,41630,42016,961851,-733,-1.71
G0002,2024-05-27,42366,42838,42128,42705,692454,689,1.64
G0002,2024-05-28,42392,42859,41352,41453,833033,-1252,-2.93
G0002,2024-05-29,41394,41701,40017,40877,1120195,-576,-1.39
G0002,2024-05-30,40746,41024,39670,40986,1063525,109,0.27
G0002,2024-05-31,40920,41748,39861,40696,838452,-290,-0.71
G0002,2024-06-03,40582,41425,39479,40523,760288,-173,-0.43
G0002,2024-06-04,40807,41483,39985,40907,1060685,384,0.95
G0002,2024-06-05,40864,41390,39747,41054,871320,147,0.36
G0002,2024-06-06,41388,42247,41186,41892,1672834,838,2.04
G0002,2024-06-07,41785,42574,40889,41489,2238529,-403,-0.96
G0002,2024-06-10,41443,42340,40906,41267,1558053,-222,-0.54
G0002,2024-06-11,41419,41955,40883,41433,794586,166,0.4
G0002,2024-06-12,41595,42809,40507,41879,1080790,446,1.08
G0002,2024-06-13,41523,42256,40603,40882,1751435,-997,-2.38
G0002,2024-06-14,40765,41585,40722,41299,396979,417,1.02
G0002,2024-06-17,41206,42379,40070,41051,950052,-248,-0.6
G0002,2024-06-18,40871,41776,39412,40042,1201692,-1009,-2.46
G0002,2024-06-19,39611,40133,38797,39062,1107955,-980,-2.45
G0002,2024-06-20,39100,39595,36914,38023,696967,-1039,-2.66
G0002,2024-06-21,37731,38724,36283,37251,997318,-772,-2.03
G0002,2024-06-24,37107,37273,36471,36701,658085,-550,-1.48
G0002,2024-06-25,36308,36928,35321,36332,825074,-369,-1.01
G0002,2024-06-26,35844,36709,34829,35152,1479764,-1180,-3.25
G0002,2024-06-27,35079,35739,34970,35266,1661100,114,0.32
G0002,2024-06-28,35202,35692,35144,35494,1340894,228,0.65
G0002,2024-07-01,35722,37780,35524,37070,1203895,1576,4.44
G0002,2024-07-02,37033,37661,36402,36587,448626,-483,-1.3
G0002,2024-07-03,36269,36332,35556,36210,359219,-377,-1.03
G0002,2024-07-04,36220,36768,36076,36663,975493,453,1.25
G0002,2024-07-05,36744,37168,36170,36603,747914,-60,-0.16
G0002,2024-07-08,37067,38428,37052,38163,1821167,1560,4.26
G0002,2024-07-09,37892,38355,37285,37487,701151,-676,-1.77
G0002,2024-07-10,37377,38066,35777,36806,1034927,-681,-1.82
G0002,2024-07-11,36801,37982,36177,36999,746000,193,0.52
G0002,2024-07-12,36466,36952,35158,35581,1143302,-1418,-3.83
G0002,2024-07-15,35643,36071,34583,35846,595202,265,0.74
G0002,2024-07-16,35982,36172,35818,35840,397044,-6,-0.02
G0002,2024-07-17,35874,36446,34957,36028,1070660,188,0.52
G0002,2024-07-18,36065,37725,35091,36700,691948,672,1.87
G0002,2024-07-19,36654,36815,36536,36642,1487891,-58,-0.16
G0002,2024-07-22,36472,37703,35417,36624,1112292,-18,-0.05
G0002,2024-07-23,36749,37342,36253,37150,776925,526,1.44
G0002,2024-07-24,36638,37531,35733,35918,1286215,-1232,-3.32
G0002,2024-07-25,35812,36182,34764,35698,453240,-220,-0.61
G0002,2024-07-26,35687,36434,34918,35546,827067,-152,-0.43
G0002,2024-07-29,35589,36347,34765,36231,1139334,685,1.93
G0002,2024-07-30,36400,36719,35560,36560,836036,329,0.91
G0002,2024-07-31,37110,38369,36350,37715,1122906,1155,3.16
G0002,2024-08-01,37663,37868,36301,37374,1482250,-341,-0.9
G0002,2024-08-02,37254,37764,35910,36933,830955,-441,-1.18
G0002,2024-08-05,36783,37226,36008,36662,1334449,-271,-0.73
G0002,2024-08-06,36476,36825,35773,35790,14899734,-872,-2.38
G0002,2024-08-07,36019,36687,35195,35961,892363,171,0.48
G0002,2024-08-08,36327,36805,35862,36671,669814,710,1.97
G0002,2024-08-09,36792,37700,35715,36509,884306,-162,-0.44
G0002,2024-08-12,36519,37448,36271,36517,1410952,8,0.02
G0002,2024-08-13,36868,37641,36752,37276,894251,759,2.08
G0002,2024-08-14,37225,37915,35407,35621,1400773,-1655,-4.44
G0002,2024-08-15,35278,36270,34195,34650,2396329,-971,-2.73
G0002,2024-08-16,34984,35521,34505,35346,1709603,696,2.01
G0002,2024-08-19,35336,36180,34106,34900,1577273,-446,-1.26
G0002,2024-08-20,34936,35778,34386,34888,898019,-12,-0.03
G0002,2024-08-21,34977,35175,34687,34823,969739,-65,-0.19
G0002,2024-08-22,34840,35323,33950,34202,2263701,-621,-1.78
G0002,2024-08-23,34368,35410,33680,34829,694385,627,1.83
G0002,2024-08-26,34773,35601,33383,33748,1161588,-1081,-3.1
G0002,2024-08-27,33631,34442,33005,33437,1125455,-311,-0.92
G0002,2024-08-28,33430,33446,33063,33311,588013,-126,-0.38
G0002,2024-08-29,33144,33816,31537,32444,789968,-867,-2.6
G0002,2024-08-30,32445,32926,31714,32431,1110591,-13,-0.04
G0002,2024-09-02,32613,33183,32105,32614,609363,183,0.56
G0002,2024-09-03,32539,33201,32324,32598,892123,-16,-0.05
G0002,2024-09-04,32681,33443,32575,32799,1646532,201,0.62
G0002,2024-09-05,32108,32817,30673,31273,1247162,-1526,-4.65
G0002,2024-09-06,31300,31753,30234,30880,953515,-393,-1.26
G0002,2024-09-09,31013,31940,29880,30781,563757,-99,-0.32
G0002,2024-09-10,30875,32015,30131,31461,1454525,680,2.21
G0002,2024-09-11,31321,31580,30671,30957,599804,-504,-1.6
G0002,2024-09-12,31257,32028,31097,31278,823149,321,1.04
G0002,2024-09-13,31242,31774,30407,31382,919528,104,0.33
G0002,2024-09-16,31792,32692,30936,32381,1635231,999,3.18
G0002,2024-09-17,32299,34121,31767,33185,1406947,804,2.48
G0002,2024-09-18,33184,33833,32292,32853,1220673,-332,-1
G0002,2024-09-19,33055,33324,32183,33018,709088,165,0.5
G0002,2024-09-20,32896,33611,31926,32437,762363,-581,-1.76
G0002,2024-09-23,31907,32778,31116,31502,1420862,-935,-2.88
G0002,2024-09-24,31465,32239,30909,30950,40686548,-552,-1.75
G0002,2024-09-25,30984,32506,30540,31678,1954826,728,2.35
G0002,2024-09-26,31891,32315,31733,31806,1408610,128,0.4
G0002,2024-09-27,31885,32431,30973,32079,2106749,273,0.86
G0002,2024-09-30,32159,32415,31947,32317,1347546,238,0.74
G0002,2024-10-01,32666,33615,32156,32980,853984,663,2.05
G0002,2024-10-02,33037,34005,32103,33192,644646,212,0.64
G0002,2024-10-03,33268,34195,32770,33603,688845,411,1.24
G0002,2024-10-04,33792,34910,33451,34031,1095951,428,1.27
G0002,2024-10-07,34016,34688,33437,34148,12713292,117,0.34
G0002,2024-10-08,34370,35004,33645,34560,736463,412,1.21
G0002,2024-10-09,34667,35291,33676,35220,1024003,660,1.91
G0002,2024-10-10,35769,37394,34835,36502,934225,1282,3.64
G0002,2024-10-11,36424,37341,35525,36608,563992,106,0.29
G0002,2024-10-14,35898,36456,35049,35206,872278,-1402,-3.83
G0002,2024-10-15,35113,35791,34351,34696,771861,-510,-1.45
G0002,2024-10-16,34133,35006,32906,33458,500024,-1238,-3.57
G0002,2024-10-17,33409,34430,32770,33646,617077,188,0.56
G0002,2024-10-18,33817,35507,33432,34583,1163446,937,2.78
G0002,2024-10-21,34595,36428,33932,35552,1108333,969,2.8
G0002,2024-10-22,36047,37576,35168,36675,1006034,1123,3.16
G0002,2024-10-23,36808,38241,35730,37376,690157,701,1.91
G0002,2024-10-24,37773,39413,37545,38315,978122,939,2.51
G0002,2024-10-25,37940,38517,37705,37824,934214,-491,-1.28
G0002,2024-10-28,37675,38284,36574,37576,630451,-248,-0.66
G0002,2024-10-29,37685,39972,36698,38821,1860789,1245,3.31
G0002,2024-10-30,38309,38623,37108,37944,904804,-877,-2.26
G0002,2024-10-31,37867,38538,37078,37302,1398437,-642,-1.69
G0002,2024-11-01,37440,37613,36398,37269,765616,-33,-0.09
G0002,2024-11-04,37001,37112,35869,35956,1112639,-1313,-3.52
G0002,2024-11-05,35897,36045,35214,35459,1185047,-497,-1.38
G0002,2024-11-06,35881,36655,35024,36124,710804,665,1.88
G0002,2024-11-07,36200,37265,35956,36348,982480,224,0.62
G0002,2024-11-08,36428,36751,36180,36702,756334,354,0.97
G0002,2024-11-11,36829,37817,35791,36733,599089,31,0.08
G0002,2024-11-12,36809,37220,36555,36645,971240,-88,-0.24
G0002,2024-11-13,36553,37148,35286,36078,514610,-567,-1.55
G0002,2024-11-14,35803,36466,30809,31760,1698129,-4318,-11.97
G0002,2024-11-15,31799,32109,31356,31576,639637,-184,-0.58
G0002,2024-11-18,31368,31553,30560,30679,1311249,-897,-2.84
G0002,2024-11-19,31059,31660,30985,31523,1196913,844,2.75
G0002,2024-11-20,31593,32031,30784,31763,1432159,240,0.76
G0002,2024-11-21,31834,32500,31755,31927,920300,164,0.52
G0002,2024-11-22,31905,33313,31551,32528,546718,601,1.88
G0002,2024-11-25,32434,33098,31525,32540,726084,12,0.04
G0002,2024-11-26,32433,33020,31577,32142,980570,-398,-1.22
G0002,2024-11-27,32006,32833,31343,31471,859690,-671,-2.09
G0002,2024-11-28,31608,32038,30904,31335,498047,-136,-0.43
G0002,2024-11-29,31068,31221,30604,30709,535129,-626,-2
G0002,2024-12-02,31335,32331,30810,31862,1231110,1153,3.75
G0002,2024-12-03,31829,32936,31381,32109,930584,247,0.78
G0002,2024-12-04,32107,32628,31819,32295,2228741,186,0.58
G0002,2024-12-05,32463,33267,32123,32850,760774,555,1.72
G0002,2024-12-06,32767,33294,32229,32793,897101,-57,-0.17
G0002,2024-12-09,32827,33605,32066,32881,1628080,88,0.27
G0002,2024-12-10,32885,32898,32368,32533,1280670,-348,-1.06
G0002,2024-12-11,32388,33383,31491,32438,614831,-95,-0.29
G0002,2024-12-12,32415,32944,32123,32138,834980,-300,-0.92
G0002,2024-12-13,32232,33120,31472,32364,951188,226,0.7
G0002,2024-12-16,31857,32638,30881,31461,1526565,-903,-2.79
G0002,2024-12-17,31435,32302,30816,31658,703497,197,0.63
G0002,2024-12-18,31847,33001,31783,32102,638956,444,1.4
G0002,2024-12-19,31925,32414,31263,31395,1290632,-707,-2.2
G0002,2024-12-20,31701,33129,31257,32237,865076,842,2.68
G0002,2024-12-23,32427,33473,31607,32794,943748,557,1.73
G0002,2024-12-24,32489,32820,30978,31908,1983316,-886,-2.7
G0002,2024-12-25,32018,32496,31387,32233,1407473,325,1.02
G0002,2024-12-26,32195,32655,31959,32101,761116,-132,-0.41
G0002,2024-12-27,32183,32338,30905,31221,719672,-880,-2.74
G0002,2024-12-30,31778,32590,31605,32060,1011466,839,2.69
G0002,2024-12-31,32384,32993,32145,32464,917469,404,1.26
G0002,2025-01-01,32819,33818,32755,33244,1671708,780,2.4
G0002,2025-01-02,32913,33074,32219,32482,771094,-762,-2.29
G0002,2025-01-03,32390,32601,31053,31794,1129057,-688,-2.12
G0002,2025-01-06,31727,32288,30570,31280,885354,-514,-1.62
G0002,2025-01-07,31349,32045,30530,31086,919202,-194,-0.62
G0002,2025-01-08,30780,31304,29828,30233,1402440,-853,-2.74
G0002,2025-01-09,30521,30822,30514,30754,1123557,521,1.72
G0002,2025-01-10,30636,31155,30002,30548,1062331,-206,-0.67
G0002,2025-01-13,30629,31400,29923,30945,594944,397,1.3
G0002,2025-01-14,30900,31103,30104,30679,821725,-266,-0.86
G0002,2025-01-15,30860,31136,30138,31064,476591,385,1.25
G0002,2025-01-16,31264,31620,31135,31449,584984,385,1.24
G0002,2025-01-17,31609,32033,31201,31725,1489641,276,0.88
G0002,2025-01-20,31654,31841,30567,31496,666348,-229,-0.72
G0002,2025-01-21,31523,32121,30470,30781,777073,-715,-2.27
G0002,2025-01-22,30701,31804,29904,31119,690425,338,1.1
G0002,2025-01-23,31178,31621,30151,31049,660536,-70,-0.22
G0002,2025-01-24,31158,32023,31069,31506,928110,457,1.47
G0002,2025-01-27,31128,31542,30064,30704,1212781,-802,-2.55
G0002,2025-01-28,30905,31797,30052,31052,907946,348,1.13
G0002,2025-01-29,31022,31464,30783,31139,687829,87,0.28
G0002,2025-01-30,31092,31649,30341,30789,783127,-350,-1.12
G0002,2025-01-31,30456,30563,28987,29663,1721808,-1126,-3.66
G0002,2025-02-03,29654,30474,29366,29450,835793,-213,-0.72
G0002,2025-02-04,29296,30005,28543,28980,870230,-470,-1.6
G0002,2025-02-05,28471,29233,27369,27564,1106546,-1416,-4.89
G0002,2025-02-06,27371,27396,26550,27054,954653,-510,-1.85
G0002,2025-02-07,27020,28163,26753,27370,625330,316,1.17
G0002,2025-02-10,27319,27621,26045,26207,1011675,-1163,-4.25
G0002,2025-02-11,26146,26948,25595,26488,699858,281,1.07
G0002,2025-02-12,26996,27735,26715,27409,843710,921,3.48
G0002,2025-02-13,27179,27222,26102,26607,1234953,-802,-2.93
G0002,2025-02-14,29079,31445,28977,31173,1876950,4566,17.16
G0002,2025-02-17,30769,31129,29522,30397,1897484,-776,-2.49
G0002,2025-02-18,30250,30336,29848,30115,1424010,-282,-0.93
G0002,2025-02-19,30605,30970,30354,30758,1137365,643,2.14
G0002,2025-02-20,30924,31474,30257,30551,736344,-207,-0.67
G0002,2025-02-21,30605,31884,30301,31697,1152400,1146,3.75
G0002,2025-02-24,31975,32685,31770,32446,555420,749,2.36
G0002,2025-02-25,32442,32484,31787,32344,423519,-102,-0.31
G0002,2025-02-26,33062,34296,32101,33553,938980,1209,3.74
G0002,2025-02-27,33588,33843,33209,33534,308293,-19,-0.06
G0002,2025-02-28,32901,33606,30715,31556,1034351,-1978,-5.9
G0002,2025-03-03,31423,31493,30892,31432,881304,-124,-0.39
G0002,2025-03-04,31438,32130,30457,31227